Cluster	ID	Description	GeneRatio	BgRatio	pvalue	p.adjust	qvalue	geneID	Count
group_G5_1_0	R-HSA-1632852	Macroautophagy	13/40	136/10870	9.27641221305893e-16	4.34136091571158e-13	2.26539750887334e-13	BECN1/TSC1/ATG4A/MFN2/PRKAA1/ATG13/RB1CC1/MAP1LC3A/SRC/AMBRA1/EPAS1/ATG14/ATG12	13
group_G5_1_0	R-HSA-9612973	Autophagy	13/40	151/10870	3.70811494832447e-15	8.67698897907926e-13	4.52780351584883e-13	BECN1/TSC1/ATG4A/MFN2/PRKAA1/ATG13/RB1CC1/MAP1LC3A/SRC/AMBRA1/EPAS1/ATG14/ATG12	13
group_G5_1_0	R-HSA-168643	Nucleotide-binding domain, leucine rich repeat containing receptor (NLR) signaling pathways	5/40	57/10870	1.89614380103427e-06	0.000235406476001823	0.000122839186757586	RELA/MAPK14/NFKB1/IKBKB/BCL2L1	5
group_G5_1_0	R-HSA-5663202	Diseases of signal transduction by growth factor receptors and second messengers	10/40	433/10870	2.6246952346512e-06	0.000235406476001823	0.000122839186757586	HRAS/CEBPB/PSEN1/PIK3CB/MAPK3/RICTOR/SRC/STAT1/BCL2L1/AP3B1	10
group_G5_1_0	R-HSA-186763	Downstream signal transduction	4/40	29/10870	3.49389728055338e-06	0.000235406476001823	0.000122839186757586	HRAS/PIK3CB/SRC/STAT1	4
group_G5_1_0	R-HSA-5205647	Mitophagy	4/40	29/10870	3.49389728055338e-06	0.000235406476001823	0.000122839186757586	MFN2/MAP1LC3A/SRC/ATG12	4
group_G5_1_0	R-HSA-187037	Signaling by NTRK1 (TRKA)	6/40	115/10870	3.5210370342153e-06	0.000235406476001823	0.000122839186757586	HRAS/SGK1/PIK3CB/MAPK3/MAPK14/SRC	6
group_G5_1_0	R-HSA-187687	Signalling to ERKs	4/40	34/10870	6.73230778125729e-06	0.00032238859538074	0.000168227967000296	HRAS/MAPK3/MAPK14/SRC	4
group_G5_1_0	R-HSA-193692	Regulated proteolysis of p75NTR	3/40	11/10870	7.46350688252959e-06	0.00032238859538074	0.000168227967000296	RELA/PSEN1/NFKB1	3
group_G5_1_0	R-HSA-8934903	Receptor Mediated Mitophagy	3/40	11/10870	7.46350688252959e-06	0.00032238859538074	0.000168227967000296	MAP1LC3A/SRC/ATG12	3
group_G5_1_0	R-HSA-166520	Signaling by NTRKs	6/40	134/10870	8.53429865007874e-06	0.00032238859538074	0.000168227967000296	HRAS/SGK1/PIK3CB/MAPK3/MAPK14/SRC	6
group_G5_1_0	R-HSA-2454202	Fc epsilon receptor (FCERI) signaling	6/40	134/10870	8.53429865007874e-06	0.00032238859538074	0.000168227967000296	HRAS/RELA/PIK3CB/MAPK3/NFKB1/IKBKB	6
group_G5_1_0	R-HSA-9673767	Signaling by PDGFRA transmembrane, juxtamembrane and kinase domain mutants	3/40	12/10870	9.92595058413335e-06	0.00032238859538074	0.000168227967000296	HRAS/PIK3CB/STAT1	3
group_G5_1_0	R-HSA-9673770	Signaling by PDGFRA extracellular domain mutants	3/40	12/10870	9.92595058413335e-06	0.00032238859538074	0.000168227967000296	HRAS/PIK3CB/STAT1	3
group_G5_1_0	R-HSA-9663891	Selective autophagy	5/40	81/10870	1.08779125902993e-05	0.00032238859538074	0.000168227967000296	MFN2/MAP1LC3A/SRC/EPAS1/ATG12	5
group_G5_1_0	R-HSA-171007	p38MAPK events	3/40	13/10870	1.28708137222864e-05	0.00032238859538074	0.000168227967000296	HRAS/MAPK14/SRC	3
group_G5_1_0	R-HSA-209560	NF-kB is activated and signals survival	3/40	13/10870	1.28708137222864e-05	0.00032238859538074	0.000168227967000296	RELA/NFKB1/IKBKB	3
group_G5_1_0	R-HSA-168142	Toll Like Receptor 10 (TLR10) Cascade	5/40	85/10870	1.37772904008863e-05	0.00032238859538074	0.000168227967000296	RELA/MAPK3/MAPK14/NFKB1/IKBKB	5
group_G5_1_0	R-HSA-168176	Toll Like Receptor 5 (TLR5) Cascade	5/40	85/10870	1.37772904008863e-05	0.00032238859538074	0.000168227967000296	RELA/MAPK3/MAPK14/NFKB1/IKBKB	5
group_G5_1_0	R-HSA-975871	MyD88 cascade initiated on plasma membrane	5/40	85/10870	1.37772904008863e-05	0.00032238859538074	0.000168227967000296	RELA/MAPK3/MAPK14/NFKB1/IKBKB	5
group_G5_1_0	R-HSA-975138	TRAF6 mediated induction of NFkB and MAP kinases upon TLR7/8 or 9 activation	5/40	91/10870	1.92203071765998e-05	0.000428338274221366	0.000223514349121361	RELA/MAPK3/MAPK14/NFKB1/IKBKB	5
group_G5_1_0	R-HSA-975155	MyD88 dependent cascade initiated on endosome	5/40	92/10870	2.02703643397635e-05	0.000429578939825289	0.000224161749976309	RELA/MAPK3/MAPK14/NFKB1/IKBKB	5
group_G5_1_0	R-HSA-168181	Toll Like Receptor 7/8 (TLR7/8) Cascade	5/40	93/10870	2.13645864689701e-05	0.000429578939825289	0.000224161749976309	RELA/MAPK3/MAPK14/NFKB1/IKBKB	5
group_G5_1_0	R-HSA-168164	Toll Like Receptor 3 (TLR3) Cascade	5/40	94/10870	2.25042737476525e-05	0.000429578939825289	0.000224161749976309	RELA/MAPK3/MAPK14/NFKB1/IKBKB	5
group_G5_1_0	R-HSA-8854214	TBC/RABGAPs	4/40	46/10870	2.29475929393851e-05	0.000429578939825289	0.000224161749976309	OPTN/TSC1/RAB5C/RAB7A	4
group_G5_1_0	R-HSA-168138	Toll Like Receptor 9 (TLR9) Cascade	5/40	96/10870	2.49253508076187e-05	0.000433493287077628	0.000226204324341003	RELA/MAPK3/MAPK14/NFKB1/IKBKB	5
group_G5_1_0	R-HSA-193639	p75NTR signals via NF-kB	3/40	16/10870	2.50092281006324e-05	0.000433493287077628	0.000226204324341003	RELA/NFKB1/IKBKB	3
group_G5_1_0	R-HSA-166166	MyD88-independent TLR4 cascade 	5/40	99/10870	2.89316830500888e-05	0.000451334255581385	0.00023551405149546	RELA/MAPK3/MAPK14/NFKB1/IKBKB	5
group_G5_1_0	R-HSA-4420097	VEGFA-VEGFR2 Pathway	5/40	99/10870	2.89316830500888e-05	0.000451334255581385	0.00023551405149546	HRAS/PIK3CB/MAPK14/RICTOR/SRC	5
group_G5_1_0	R-HSA-937061	TRIF(TICAM1)-mediated TLR4 signaling 	5/40	99/10870	2.89316830500888e-05	0.000451334255581385	0.00023551405149546	RELA/MAPK3/MAPK14/NFKB1/IKBKB	5
group_G5_1_0	R-HSA-1810476	RIP-mediated NFkB activation via ZBP1	3/40	17/10870	3.02908985181199e-05	0.00045195743276647	0.000235839236171437	RELA/NFKB1/IKBKB	3
group_G5_1_0	R-HSA-166058	MyD88:MAL(TIRAP) cascade initiated on plasma membrane	5/40	101/10870	3.18687933360972e-05	0.00045195743276647	0.000235839236171437	RELA/MAPK3/MAPK14/NFKB1/IKBKB	5
group_G5_1_0	R-HSA-168188	Toll Like Receptor TLR6:TLR2 Cascade	5/40	101/10870	3.18687933360972e-05	0.00045195743276647	0.000235839236171437	RELA/MAPK3/MAPK14/NFKB1/IKBKB	5
group_G5_1_0	R-HSA-168179	Toll Like Receptor TLR1:TLR2 Cascade	5/40	104/10870	3.67029917061947e-05	0.000490771431957118	0.000256093054912396	RELA/MAPK3/MAPK14/NFKB1/IKBKB	5
group_G5_1_0	R-HSA-181438	Toll Like Receptor 2 (TLR2) Cascade	5/40	104/10870	3.67029917061947e-05	0.000490771431957118	0.000256093054912396	RELA/MAPK3/MAPK14/NFKB1/IKBKB	5
group_G5_1_0	R-HSA-194138	Signaling by VEGF	5/40	108/10870	4.40125247642129e-05	0.000572162821934767	0.000298564495476532	HRAS/PIK3CB/MAPK14/RICTOR/SRC	5
group_G5_1_0	R-HSA-167044	Signalling to RAS	3/40	20/10870	5.0394333309315e-05	0.000589613699718986	0.000307670666520029	HRAS/MAPK14/SRC	3
group_G5_1_0	R-HSA-9669938	Signaling by KIT in disease	3/40	20/10870	5.0394333309315e-05	0.000589613699718986	0.000307670666520029	HRAS/SRC/STAT1	3
group_G5_1_0	R-HSA-9670439	Signaling by phosphorylated juxtamembrane, extracellular and kinase domain KIT mutants	3/40	20/10870	5.0394333309315e-05	0.000589613699718986	0.000307670666520029	HRAS/SRC/STAT1	3
group_G5_1_0	R-HSA-9671555	Signaling by PDGFR in disease	3/40	20/10870	5.0394333309315e-05	0.000589613699718986	0.000307670666520029	HRAS/PIK3CB/STAT1	3
group_G5_1_0	R-HSA-186797	Signaling by PDGF	4/40	58/10870	5.7795200190159e-05	0.000623753642123604	0.000325485481270077	HRAS/PIK3CB/SRC/STAT1	4
group_G5_1_0	R-HSA-1606322	ZBP1(DAI) mediated induction of type I IFNs	3/40	21/10870	5.86435048150397e-05	0.000623753642123604	0.000325485481270077	RELA/NFKB1/IKBKB	3
group_G5_1_0	R-HSA-5621575	CD209 (DC-SIGN) signaling	3/40	21/10870	5.86435048150397e-05	0.000623753642123604	0.000325485481270077	HRAS/RELA/NFKB1	3
group_G5_1_0	R-HSA-622312	Inflammasomes	3/40	21/10870	5.86435048150397e-05	0.000623753642123604	0.000325485481270077	RELA/NFKB1/BCL2L1	3
group_G5_1_0	R-HSA-5205685	PINK1-PRKN Mediated Mitophagy	3/40	22/10870	6.77299153438675e-05	0.000704391119576222	0.000367563517187772	MFN2/MAP1LC3A/ATG12	3
group_G5_1_0	R-HSA-450294	MAP kinase activation	4/40	64/10870	8.51881053260483e-05	0.000866696375925883	0.000452257218206939	MAPK3/MAPK14/NFKB1/IKBKB	4
group_G5_1_0	R-HSA-933542	TRAF6 mediated NF-kB activation	3/40	25/10870	0.000100383635346091	0.000994039327093726	0.00051870698129947	RELA/NFKB1/IKBKB	3
group_G5_1_0	R-HSA-6802952	Signaling by BRAF and RAF1 fusions	4/40	67/10870	0.000101952751496792	0.000994039327093726	0.00051870698129947	HRAS/MAPK3/SRC/AP3B1	4
group_G5_1_0	R-HSA-166016	Toll Like Receptor 4 (TLR4) Cascade	5/40	135/10870	0.000127309747804099	0.00121593799943507	0.000634497561558562	RELA/MAPK3/MAPK14/NFKB1/IKBKB	5
group_G5_1_0	R-HSA-448424	Interleukin-17 signaling	4/40	72/10870	0.00013504413787015	0.00126401313046461	0.000659583999702629	MAPK3/MAPK14/NFKB1/IKBKB	4
group_G5_1_0	R-HSA-380972	Energy dependent regulation of mTOR by LKB1-AMPK	3/40	29/10870	0.00015786004282554	0.00144859804004613	0.000755903610640358	TSC1/PRKAA1/STK11	3
group_G5_1_0	R-HSA-5621481	C-type lectin receptors (CLRs)	5/40	142/10870	0.000161467872345676	0.00145321085111108	0.000758310655550544	HRAS/RELA/SRC/NFKB1/IKBKB	5
group_G5_1_0	R-HSA-5260271	Diseases of Immune System	3/40	31/10870	0.000193204988871324	0.0016744432368848	0.0008737535559093	RELA/NFKB1/IKBKB	3
group_G5_1_0	R-HSA-5602358	Diseases associated with the TLR signaling cascade	3/40	31/10870	0.000193204988871324	0.0016744432368848	0.0008737535559093	RELA/NFKB1/IKBKB	3
group_G5_1_0	R-HSA-438064	Post NMDA receptor activation events	4/40	80/10870	0.00020325629981122	0.00172952633293911	0.000902496871889052	HRAS/PRKAA1/MAPK3/SRC	4
group_G5_1_0	R-HSA-168928	DDX58/IFIH1-mediated induction of interferon-alpha/beta	4/40	82/10870	0.000223593408333086	0.00185846603923292	0.000969779849532248	RELA/NFKB1/IKBKB/ATG12	4
group_G5_1_0	R-HSA-449147	Signaling by Interleukins	8/40	462/10870	0.00023192055570975	0.00185846603923292	0.000969779849532248	RELA/PIK3CB/MAPK3/MAPK14/STAT1/NFKB1/IKBKB/BCL2L1	8
group_G5_1_0	R-HSA-445989	TAK1-dependent IKK and NF-kB activation  	3/40	33/10870	0.000233318093456935	0.00185846603923292	0.000969779849532248	RELA/NFKB1/IKBKB	3
group_G5_1_0	R-HSA-1168372	Downstream signaling events of B Cell Receptor (BCR)	4/40	83/10870	0.000234293795544321	0.00185846603923292	0.000969779849532248	HRAS/RELA/NFKB1/IKBKB	4
group_G5_1_0	R-HSA-6802957	Oncogenic MAPK signaling	4/40	84/10870	0.00024535839717286	0.00191379549794831	0.000998651721826377	HRAS/MAPK3/SRC/AP3B1	4
group_G5_1_0	R-HSA-168898	Toll-like Receptor Cascades	5/40	157/10870	0.000258000276480417	0.0019794119572596	0.00103289152965413	RELA/MAPK3/MAPK14/NFKB1/IKBKB	5
group_G5_1_0	R-HSA-5633007	Regulation of TP53 Activity	5/40	160/10870	0.000281675984591443	0.00212619936756122	0.00110948774915475	SGK1/PRKAA1/MAPK14/RICTOR/STK11	5
group_G5_1_0	R-HSA-6802948	Signaling by high-kinase activity BRAF mutants	3/40	36/10870	0.000303006008849666	0.00225090178002609	0.00117455963330197	HRAS/MAPK3/SRC	3
group_G5_1_0	R-HSA-3700989	Transcriptional Regulation by TP53	7/40	365/10870	0.000325212511640992	0.00237811649137476	0.0012409424786301	SGK1/TSC1/PRKAA1/PMAIP1/MAPK14/RICTOR/STK11	7
group_G5_1_0	R-HSA-442755	Activation of NMDA receptors and postsynaptic events	4/40	93/10870	0.000362542636534567	0.00261030698304889	0.00136210350892339	HRAS/PRKAA1/MAPK3/SRC	4
group_G5_1_0	R-HSA-8853884	Transcriptional Regulation by VENTX	3/40	39/10870	0.000384885631366578	0.00272918902241755	0.0014241382213245	CEBPB/RELA/NFKB1	3
group_G5_1_0	R-HSA-5654741	Signaling by FGFR3	3/40	40/10870	0.000415033854203655	0.00285640946716633	0.00149052405844037	HRAS/MAPK3/SRC	3
group_G5_1_0	R-HSA-5674135	MAP2K and MAPK activation	3/40	40/10870	0.000415033854203655	0.00285640946716633	0.00149052405844037	HRAS/MAPK3/SRC	3
group_G5_1_0	R-HSA-193704	p75 NTR receptor-mediated signalling	4/40	97/10870	0.000425700774745574	0.0028873617765352	0.00150667551092255	RELA/PSEN1/NFKB1/IKBKB	4
group_G5_1_0	R-HSA-202424	Downstream TCR signaling	4/40	98/10870	0.000442643598244123	0.00290329263326596	0.00151498850858682	RELA/PIK3CB/NFKB1/IKBKB	4
group_G5_1_0	R-HSA-165159	MTOR signalling	3/40	41/10870	0.000446660405117839	0.00290329263326596	0.00151498850858682	TSC1/PRKAA1/STK11	3
group_G5_1_0	R-HSA-5654743	Signaling by FGFR4	3/40	41/10870	0.000446660405117839	0.00290329263326596	0.00151498850858682	HRAS/MAPK3/SRC	3
group_G5_1_0	R-HSA-5607764	CLEC7A (Dectin-1) signaling	4/40	101/10870	0.000496362608221594	0.00318216028284529	0.00166050649037361	RELA/SRC/NFKB1/IKBKB	4
group_G5_1_0	R-HSA-1433557	Signaling by SCF-KIT	3/40	43/10870	0.00051446790863837	0.00321027974990343	0.0016751797165488	HRAS/SRC/STAT1	3
group_G5_1_0	R-HSA-9656223	Signaling by RAF1 mutants	3/40	43/10870	0.00051446790863837	0.00321027974990343	0.0016751797165488	HRAS/MAPK3/SRC	3
group_G5_1_0	R-HSA-450341	Activation of the AP-1 family of transcription factors	2/40	10/10870	0.000583198160952954	0.00359127288586819	0.00187398855043055	MAPK3/MAPK14	2
group_G5_1_0	R-HSA-6802946	Signaling by moderate kinase activity BRAF mutants	3/40	47/10870	0.000669116344516279	0.00391433061542023	0.00204256568326022	HRAS/MAPK3/SRC	3
group_G5_1_0	R-HSA-6802949	Signaling by RAS mutants	3/40	47/10870	0.000669116344516279	0.00391433061542023	0.00204256568326022	HRAS/MAPK3/SRC	3
group_G5_1_0	R-HSA-6802955	Paradoxical activation of RAF signaling by kinase inactive BRAF	3/40	47/10870	0.000669116344516279	0.00391433061542023	0.00204256568326022	HRAS/MAPK3/SRC	3
group_G5_1_0	R-HSA-9649948	Signaling downstream of RAS mutants	3/40	47/10870	0.000669116344516279	0.00391433061542023	0.00204256568326022	HRAS/MAPK3/SRC	3
group_G5_1_0	R-HSA-2559583	Cellular Senescence	5/40	197/10870	0.000730297455727892	0.00413538668603453	0.00215791657930727	CEBPB/RELA/MAPK3/MAPK14/NFKB1	5
group_G5_1_0	R-HSA-2559582	Senescence-Associated Secretory Phenotype (SASP)	4/40	112/10870	0.000733412596027491	0.00413538668603453	0.00215791657930727	CEBPB/RELA/MAPK3/NFKB1	4
group_G5_1_0	R-HSA-983705	Signaling by the B Cell Receptor (BCR)	4/40	112/10870	0.000733412596027491	0.00413538668603453	0.00215791657930727	HRAS/RELA/NFKB1/IKBKB	4
group_G5_1_0	R-HSA-5654736	Signaling by FGFR1	3/40	50/10870	0.000802646888834667	0.00447188980922172	0.00233350975200054	HRAS/MAPK3/SRC	3
group_G5_1_0	R-HSA-202403	TCR signaling	4/40	120/10870	0.000949738392393854	0.00522914785459204	0.00272866014904488	RELA/PIK3CB/NFKB1/IKBKB	4
group_G5_1_0	R-HSA-74751	Insulin receptor signalling cascade	3/40	54/10870	0.00100547240934137	0.00547164055316	0.00285519704978209	HRAS/PIK3CB/MAPK3	3
group_G5_1_0	R-HSA-109606	Intrinsic Pathway for Apoptosis	3/40	55/10870	0.00106077869614412	0.00570625781374076	0.0029776244102291	PMAIP1/MAPK3/BCL2L1	3
group_G5_1_0	R-HSA-9007101	Rab regulation of trafficking	4/40	124/10870	0.0010732256419503	0.0057076090958266	0.00297832953268504	OPTN/TSC1/RAB5C/RAB7A	4
group_G5_1_0	R-HSA-162658	Golgi Cisternae Pericentriolar Stack Reorganization	2/40	14/10870	0.00116842158662511	0.00614405957910731	0.00320607697335334	GORASP2/MAPK3	2
group_G5_1_0	R-HSA-1236394	Signaling by ERBB4	3/40	58/10870	0.00123814042221063	0.00643833019549526	0.00335963249067679	HRAS/PSEN1/SRC	3
group_G5_1_0	R-HSA-198725	Nuclear Events (kinase and transcription factor activation)	3/40	61/10870	0.00143317667875035	0.00737062291928752	0.00384611902221031	SGK1/MAPK3/MAPK14	3
group_G5_1_0	R-HSA-1295596	Spry regulation of FGF signaling	2/40	16/10870	0.00153362108892722	0.00755510178545199	0.00394238329785169	MAPK3/SRC	2
group_G5_1_0	R-HSA-5684264	MAP3K8 (TPL2)-dependent MAPK1/3 activation	2/40	16/10870	0.00153362108892722	0.00755510178545199	0.00394238329785169	NFKB1/IKBKB	2
group_G5_1_0	R-HSA-844456	The NLRP3 inflammasome	2/40	16/10870	0.00153362108892722	0.00755510178545199	0.00394238329785169	RELA/NFKB1	2
group_G5_1_0	R-HSA-9703648	Signaling by FLT3 ITD and TKD mutants	2/40	16/10870	0.00153362108892722	0.00755510178545199	0.00394238329785169	HRAS/BCL2L1	2
group_G5_1_0	R-HSA-375165	NCAM signaling for neurite out-growth	3/40	63/10870	0.00157333439283352	0.00767000516506341	0.00400234187650632	HRAS/MAPK3/SRC	3
group_G5_1_0	R-HSA-1834949	Cytosolic sensors of pathogen-associated DNA 	3/40	64/10870	0.00164652191516995	0.00794404387937667	0.00414534003602202	RELA/NFKB1/IKBKB	3
group_G5_1_0	R-HSA-73887	Death Receptor Signalling	4/40	141/10870	0.00172570639381811	0.00819739872221683	0.0042775449922499	RELA/PSEN1/NFKB1/IKBKB	4
group_G5_1_0	R-HSA-9034015	Signaling by NTRK3 (TRKC)	2/40	17/10870	0.0017340651143151	0.00819739872221683	0.0042775449922499	HRAS/SRC	2
group_G5_1_0	R-HSA-1169091	Activation of NF-kappaB in B cells	3/40	67/10870	0.00187878518541511	0.0087927146677427	0.00458819118964532	RELA/NFKB1/IKBKB	3
group_G5_1_0	R-HSA-210993	Tie2 Signaling	2/40	18/10870	0.00194629120553233	0.0089300420018542	0.0046598509771259	HRAS/PIK3CB	2
group_G5_1_0	R-HSA-881907	Gastrin-CREB signalling pathway via PKC and MAPK	2/40	18/10870	0.00194629120553233	0.0089300420018542	0.0046598509771259	HRAS/MAPK3	2
group_G5_1_0	R-HSA-9725371	Nuclear events stimulated by ALK signaling in cancer	2/40	19/10870	0.00217021432681989	0.00986077965972534	0.00514552604825974	CEBPB/MAPK3	2
group_G5_1_1	R-HSA-917937	Iron uptake and transport	8/10	58/10870	1.77431386673389e-17	4.20432255754321e-16	2.5621910322978e-16	SLC11A2/ATP6V1F/ATP6V1G3/ATP6V0D1/ATP6V1B1/ATP6V0A4/ATP6AP1/ATP6V1G1	8
group_G5_1_1	R-HSA-77387	Insulin receptor recycling	7/10	26/10870	2.21280134607537e-17	4.20432255754321e-16	2.5621910322978e-16	ATP6V1F/ATP6V1G3/ATP6V0D1/ATP6V1B1/ATP6V0A4/ATP6AP1/ATP6V1G1	7
group_G5_1_1	R-HSA-917977	Transferrin endocytosis and recycling	7/10	31/10870	8.835038941798e-17	1.11910493262775e-15	6.8200300603353e-16	ATP6V1F/ATP6V1G3/ATP6V0D1/ATP6V1B1/ATP6V0A4/ATP6AP1/ATP6V1G1	7
group_G5_1_1	R-HSA-9639288	Amino acids regulate mTORC1	7/10	55/10870	6.7785733783482e-15	6.43964470943079e-14	3.92443721904369e-14	LAMTOR1/ATP6V1F/FNIP2/ATP6V1G3/ATP6V0D1/ATP6V1B1/ATP6V1G1	7
group_G5_1_1	R-HSA-74752	Signaling by Insulin receptor	7/10	78/10870	8.77583483253876e-14	6.66963447272945e-13	4.0645971855969e-13	ATP6V1F/ATP6V1G3/ATP6V0D1/ATP6V1B1/ATP6V0A4/ATP6AP1/ATP6V1G1	7
group_G5_1_1	R-HSA-1222556	ROS and RNS production in phagocytes	6/10	36/10870	1.77092296634533e-13	1.12158454535204e-12	6.83514127361355e-13	ATP6V1F/ATP6V1G3/ATP6V0D1/ATP6V1B1/ATP6V0A4/ATP6V1G1	6
group_G5_1_1	R-HSA-9711097	Cellular response to starvation	7/10	156/10870	1.26842314814648e-11	6.8857256613666e-11	4.19628710665e-11	LAMTOR1/ATP6V1F/FNIP2/ATP6V1G3/ATP6V0D1/ATP6V1B1/ATP6V1G1	7
group_G5_1_1	R-HSA-983712	Ion channel transport	7/10	186/10870	4.41032474515569e-11	2.09490425394895e-10	1.27667295254507e-10	ATP6V1F/ATP6V1G3/ATP6V0D1/ATP6V1B1/ATP6V0A4/ATP6AP1/ATP6V1G1	7
group_G5_1_2	R-HSA-1660662	Glycosphingolipid metabolism	3/7	46/10870	2.45335381149023e-06	3.92536609838437e-05	2.06598215704441e-05	NEU4/GBA/GM2A	3
group_G5_1_2	R-HSA-428157	Sphingolipid metabolism	3/7	90/10870	1.87567451454142e-05	0.000150053961163314	7.89757690333229e-05	NEU4/GBA/GM2A	3
group_G5_2_1	R-HSA-9639288	Amino acids regulate mTORC1	11/13	55/10870	1.48462527492998e-24	4.30541329729693e-23	1.40648710256524e-23	SLC38A9/SZT2/ATP6V0E2/MIOS/LAMTOR2/ATP6V1C2/ATP6V0D1/TCIRG1/ATP6V1B2/ATP6V1E1/ATP6V1G1	11
group_G5_2_1	R-HSA-9711097	Cellular response to starvation	11/13	156/10870	2.83640904268597e-19	4.11279311189465e-18	1.34356217811441e-18	SLC38A9/SZT2/ATP6V0E2/MIOS/LAMTOR2/ATP6V1C2/ATP6V0D1/TCIRG1/ATP6V1B2/ATP6V1E1/ATP6V1G1	11
group_G5_2_1	R-HSA-77387	Insulin receptor recycling	7/13	26/10870	3.14979662489383e-16	3.04480340406404e-15	9.94672618387525e-16	ATP6V0E2/ATP6V1C2/ATP6V0D1/TCIRG1/ATP6V1B2/ATP6V1E1/ATP6V1G1	7
group_G5_2_1	R-HSA-917977	Transferrin endocytosis and recycling	7/13	31/10870	1.25609608044859e-15	9.10669658325226e-15	2.97496440106244e-15	ATP6V0E2/ATP6V1C2/ATP6V0D1/TCIRG1/ATP6V1B2/ATP6V1E1/ATP6V1G1	7
group_G5_2_1	R-HSA-1222556	ROS and RNS production in phagocytes	7/13	36/10870	3.97787703894663e-15	2.30716868258905e-14	7.53703017905678e-15	ATP6V0E2/ATP6V1C2/ATP6V0D1/TCIRG1/ATP6V1B2/ATP6V1E1/ATP6V1G1	7
group_G5_2_1	R-HSA-917937	Iron uptake and transport	7/13	58/10870	1.41758555639133e-13	6.85166352255811e-13	2.23829298377579e-13	ATP6V0E2/ATP6V1C2/ATP6V0D1/TCIRG1/ATP6V1B2/ATP6V1E1/ATP6V1G1	7
group_G5_2_1	R-HSA-74752	Signaling by Insulin receptor	7/13	78/10870	1.23353719942004e-12	5.11036839759732e-12	1.66944884132036e-12	ATP6V0E2/ATP6V1C2/ATP6V0D1/TCIRG1/ATP6V1B2/ATP6V1E1/ATP6V1G1	7
group_G5_2_1	R-HSA-983712	Ion channel transport	7/13	186/10870	6.03804268837931e-10	2.1887904745375e-09	7.15031370992286e-10	ATP6V0E2/ATP6V1C2/ATP6V0D1/TCIRG1/ATP6V1B2/ATP6V1E1/ATP6V1G1	7
group_G5_2_1	R-HSA-380972	Energy dependent regulation of mTOR by LKB1-AMPK	3/13	29/10870	4.79643556137579e-06	1.5455181253322e-05	5.04887953829031e-06	SLC38A9/STRADA/LAMTOR2	3
group_G5_2_1	R-HSA-165159	MTOR signalling	3/13	41/10870	1.38773366581191e-05	4.02442763085453e-05	1.31469505182181e-05	SLC38A9/STRADA/LAMTOR2	3
group_G5_2_1	R-HSA-166208	mTORC1-mediated signalling	2/13	24/10870	0.000359059491851941	0.000946611387609661	0.000309237839872485	SLC38A9/LAMTOR2	2
group_G5_2_1	R-HSA-8943724	Regulation of PTEN gene transcription	2/13	61/10870	0.00232203629758132	0.00561158771915485	0.00183318655072209	SLC38A9/LAMTOR2	2
group_G5_2_3	R-HSA-2206281	Mucopolysaccharidoses	2/6	11/10870	1.39349522957578e-05	0.000292633998210913	2.93367416752795e-05	SGSH/GNS	2
group_G5_2_3	R-HSA-5663084	Diseases of carbohydrate metabolism	2/6	34/10870	0.000141335918918438	0.0014840271486436	0.000148774651493092	SGSH/GNS	2
group_G5_2_3	R-HSA-71387	Metabolism of carbohydrates	3/6	295/10870	0.00037239871003995	0.00260679097027965	0.00026133242809821	SGSH/MAN2B2/GNS	3
group_G5_2_3	R-HSA-6798695	Neutrophil degranulation	3/6	481/10870	0.00155802476549156	0.00789252410678789	0.000791230486896029	CHIT1/NPC2/GNS	3
group_G5_2_3	R-HSA-1630316	Glycosaminoglycan metabolism	2/6	124/10870	0.00187917240637807	0.00789252410678789	0.000791230486896029	SGSH/GNS	2
group_G5_3_1	R-HSA-6798695	Neutrophil degranulation	6/10	481/10870	1.31352019067564e-06	4.20326461016204e-05	1.52091811551916e-05	GUSB/HGSNAT/MANBA/NPC2/AGA/FUCA1	6
group_G5_3_1	R-HSA-2206281	Mucopolysaccharidoses	2/10	11/10870	4.17126149420971e-05	0.000667401839073554	0.000241494086506878	GUSB/HGSNAT	2
group_G5_3_1	R-HSA-2024096	HS-GAG degradation	2/10	22/10870	0.000174249489693586	0.00185866122339825	0.000672541890045418	GUSB/HGSNAT	2
group_G5_3_1	R-HSA-5663084	Diseases of carbohydrate metabolism	2/10	34/10870	0.000420691551018948	0.00336553240815158	0.00121779133189695	GUSB/HGSNAT	2
group_G5_3_1	R-HSA-1638091	Heparan sulfate/heparin (HS-GAG) metabolism	2/10	55/10870	0.00110217180929259	0.00705389957947257	0.00255239787415126	GUSB/HGSNAT	2
group_G5_3_2	R-HSA-77387	Insulin receptor recycling	6/8	26/10870	2.80868396259512e-15	2.3592945285799e-13	1.38955943412601e-13	ATP6V1B2/ATP6V1C1/ATP6V0B/ATP6V0A1/ATP6V1G2/ATP6V0C	6
group_G5_3_2	R-HSA-917977	Transferrin endocytosis and recycling	6/8	31/10870	8.97514133613051e-15	3.76955936117481e-13	2.22016654104281e-13	ATP6V1B2/ATP6V1C1/ATP6V0B/ATP6V0A1/ATP6V1G2/ATP6V0C	6
group_G5_3_2	R-HSA-1222556	ROS and RNS production in phagocytes	6/8	36/10870	2.37244902395609e-14	6.64285726707707e-13	3.91245979389251e-13	ATP6V1B2/ATP6V1C1/ATP6V0B/ATP6V0A1/ATP6V1G2/ATP6V0C	6
group_G5_3_2	R-HSA-9639288	Amino acids regulate mTORC1	6/8	55/10870	3.52039632740961e-13	7.39283228756019e-12	4.354174404954e-12	ATP6V1B2/ATP6V1C1/ATP6V0B/ATP6V1G2/ATP6V0C/SEH1L	6
group_G5_3_2	R-HSA-917937	Iron uptake and transport	6/8	58/10870	4.91283874402594e-13	8.25356908996358e-12	4.86112465198356e-12	ATP6V1B2/ATP6V1C1/ATP6V0B/ATP6V0A1/ATP6V1G2/ATP6V0C	6
group_G5_3_2	R-HSA-74752	Signaling by Insulin receptor	6/8	78/10870	3.10775544027805e-12	4.35085761638928e-11	2.56253518759769e-11	ATP6V1B2/ATP6V1C1/ATP6V0B/ATP6V0A1/ATP6V1G2/ATP6V0C	6
group_G5_3_2	R-HSA-9711097	Cellular response to starvation	6/8	156/10870	2.17034758721933e-10	2.6044171046632e-09	1.53392987367381e-09	ATP6V1B2/ATP6V1C1/ATP6V0B/ATP6V1G2/ATP6V0C/SEH1L	6
group_G5_3_2	R-HSA-983712	Ion channel transport	6/8	186/10870	6.30465533504358e-10	6.61988810179576e-09	3.89893158877695e-09	ATP6V1B2/ATP6V1C1/ATP6V0B/ATP6V0A1/ATP6V1G2/ATP6V0C	6
group_G5_3_5	R-HSA-2132295	MHC class II antigen presentation	2/3	123/10870	0.000378208715939039	0.00264746101157327	NA	CTSE/CTSO	2
group_G5_3_7	R-HSA-8856825	Cargo recognition for clathrin-mediated endocytosis	2/3	106/10870	0.000280813376851791	0.00372964705010306	0.000560849180466625	DAB2/PICALM	2
group_G5_3_7	R-HSA-8856828	Clathrin-mediated endocytosis	2/3	146/10870	0.000532806721443294	0.00372964705010306	0.000560849180466625	DAB2/PICALM	2
group_G5_4_1	R-HSA-9639288	Amino acids regulate mTORC1	9/13	55/10870	7.69404959800802e-19	3.15456033518329e-17	1.4578199238331e-17	WDR24/FNIP1/ATP6V1C2/ATP6V1G3/TCIRG1/LAMTOR4/NPRL3/ATP6V0B/RRAGC	9
group_G5_4_1	R-HSA-9711097	Cellular response to starvation	9/13	156/10870	1.39449687600933e-14	2.85871859581912e-13	1.32110230358778e-13	WDR24/FNIP1/ATP6V1C2/ATP6V1G3/TCIRG1/LAMTOR4/NPRL3/ATP6V0B/RRAGC	9
group_G5_4_1	R-HSA-77387	Insulin receptor recycling	5/13	26/10870	6.61461109050472e-11	9.03996849035645e-10	4.17764910979246e-10	ATP6V1C2/ATP6V1G3/TCIRG1/ATP6V0B/ATP6V0A1	5
group_G5_4_1	R-HSA-917977	Transferrin endocytosis and recycling	5/13	31/10870	1.7033239552056e-10	1.74590705408573e-09	8.06837662992124e-10	ATP6V1C2/ATP6V1G3/TCIRG1/ATP6V0B/ATP6V0A1	5
group_G5_4_1	R-HSA-1222556	ROS and RNS production in phagocytes	5/13	36/10870	3.76766947020948e-10	3.08948896557178e-09	1.42774843081622e-09	ATP6V1C2/ATP6V1G3/TCIRG1/ATP6V0B/ATP6V0A1	5
group_G5_4_1	R-HSA-917937	Iron uptake and transport	5/13	58/10870	4.51780465554069e-09	3.08716651461947e-08	1.42667515438127e-08	ATP6V1C2/ATP6V1G3/TCIRG1/ATP6V0B/ATP6V0A1	5
group_G5_4_1	R-HSA-74752	Signaling by Insulin receptor	5/13	78/10870	2.05598681918412e-08	1.20422085123642e-07	5.56507710455853e-08	ATP6V1C2/ATP6V1G3/TCIRG1/ATP6V0B/ATP6V0A1	5
group_G5_4_1	R-HSA-380972	Energy dependent regulation of mTOR by LKB1-AMPK	4/13	29/10870	2.87289568026602e-08	1.47235903613633e-07	6.80422661115636e-08	CAB39/PRKAG2/LAMTOR4/RRAGC	4
group_G5_4_1	R-HSA-165159	MTOR signalling	4/13	41/10870	1.21523201738512e-07	5.53605696808775e-07	2.55838319449498e-07	CAB39/PRKAG2/LAMTOR4/RRAGC	4
group_G5_4_1	R-HSA-983712	Ion channel transport	5/13	186/10870	1.60081283180231e-06	6.56333261038946e-06	3.03311904973069e-06	ATP6V1C2/ATP6V1G3/TCIRG1/ATP6V0B/ATP6V0A1	5
group_G5_4_1	R-HSA-5628897	TP53 Regulates Metabolic Genes	3/13	87/10870	0.000133665431560397	0.000498207517634208	0.000230237106993986	PRKAG2/LAMTOR4/RRAGC	3
group_G5_4_1	R-HSA-166208	mTORC1-mediated signalling	2/13	24/10870	0.000359059491851941	0.0012267865971608	0.000566936039766222	LAMTOR4/RRAGC	2
group_G5_4_1	R-HSA-1632852	Macroautophagy	3/13	136/10870	0.000499833419535314	0.00157639770776522	0.000728502149930013	PRKAG2/LAMTOR4/RRAGC	3
group_G5_4_1	R-HSA-9612973	Autophagy	3/13	151/10870	0.000678559508923288	0.0019872099904182	0.000918351215084149	PRKAG2/LAMTOR4/RRAGC	3
group_G5_4_1	R-HSA-8943724	Regulation of PTEN gene transcription	2/13	61/10870	0.00232203629758132	0.00634689921338893	0.00293309848115535	LAMTOR4/RRAGC	2
group_G5_4_2	R-HSA-9607240	FLT3 Signaling	3/4	38/10870	1.57299996277242e-07	2.09208995048731e-05	2.64926309519565e-06	PIK3R1/ABL2/GRB10	3
group_G5_4_2	R-HSA-8853659	RET signaling	2/4	40/10870	7.88551198151182e-05	0.00404569595665437	0.000512316068907558	PIK3R1/GRB10	2
group_G5_4_2	R-HSA-1433557	Signaling by SCF-KIT	2/4	43/10870	9.12562997741588e-05	0.00404569595665437	0.000512316068907558	PIK3R1/GRB10	2
group_G5_4_2	R-HSA-74751	Insulin receptor signalling cascade	2/4	54/10870	0.000144419939966769	0.00480196300389507	0.000608083957754817	PIK3R1/GRB10	2
group_G5_4_2	R-HSA-74752	Signaling by Insulin receptor	2/4	78/10870	0.00030217578707661	0.00803787593623784	0.00101785528278437	PIK3R1/GRB10	2
group_G5_4_2	R-HSA-9013423	RAC3 GTPase cycle	2/4	94/10870	0.000438963844500801	0.00973036521976775	0.00123217921263383	PIK3R1/ABL2	2
group_G5_4_6	R-HSA-2206281	Mucopolysaccharidoses	2/2	11/10870	9.3105117455068e-07	1.07832654216143e-05	8.10771836211598e-07	HYAL1/ARSB	2
group_G5_4_6	R-HSA-2024101	CS/DS degradation	2/2	14/10870	1.54046648880204e-06	1.07832654216143e-05	8.10771836211598e-07	HYAL1/ARSB	2
group_G5_4_6	R-HSA-5663084	Diseases of carbohydrate metabolism	2/2	34/10870	9.49672198041695e-06	4.43180359086124e-05	3.33218315102349e-06	HYAL1/ARSB	2
group_G5_4_6	R-HSA-1793185	Chondroitin sulfate/dermatan sulfate metabolism	2/2	50/10870	2.07370488877197e-05	7.2579671107019e-05	5.45711812834729e-06	HYAL1/ARSB	2
group_G5_4_6	R-HSA-1630316	Glycosaminoglycan metabolism	2/2	124/10870	0.000129094477402245	0.000361464536726287	2.71777847162622e-05	HYAL1/ARSB	2
group_G5_4_6	R-HSA-5668914	Diseases of metabolism	2/2	245/10870	0.000505983992860361	0.00118062931667418	8.87691215544493e-05	HYAL1/ARSB	2
group_G5_4_6	R-HSA-71387	Metabolism of carbohydrates	2/2	295/10870	0.000734091530625278	0.00146818306125056	0.000110389703853425	HYAL1/ARSB	2
group_G5_4_6	R-HSA-2160916	Hyaluronan uptake and degradation	1/2	12/10870	0.00220679442212324	0.00371868610396795	0.000279600458944958	HYAL1	1
group_G5_4_6	R-HSA-1663150	The activation of arylsulfatases	1/2	13/10870	0.00239058392397939	0.00371868610396795	0.000279600458944958	ARSB	1
group_G5_4_6	R-HSA-2142845	Hyaluronan metabolism	1/2	17/10870	0.00312557264937308	0.00437580170912231	0.000329007647302429	HYAL1	1
group_G5_4_6	R-HSA-163841	Gamma carboxylation, hypusine formation and arylsulfatase activation	1/2	42/10870	0.00771311570943178	0.009816692721095	0.000738097197074812	ARSB	1
group_G5_4_6	R-HSA-1660662	Glycosphingolipid metabolism	1/2	46/10870	0.00844614076325723	0.00985383089046676	0.000740889540636599	ARSB	1
group_G5_5_0	R-HSA-1632852	Macroautophagy	9/42	136/10870	1.80908224517678e-09	7.50769131748362e-07	6.01757883658801e-07	BECN1/RHEB/USP30/ATG10/MAP1LC3B/AMBRA1/HDAC6/FUNDC1/RPTOR	9
group_G5_5_0	R-HSA-9612973	Autophagy	9/42	151/10870	4.5742837967896e-09	9.49163887833842e-07	7.60775620939744e-07	BECN1/RHEB/USP30/ATG10/MAP1LC3B/AMBRA1/HDAC6/FUNDC1/RPTOR	9
group_G5_5_0	R-HSA-9006925	Intracellular signaling by second messengers	8/42	309/10870	1.97934708267976e-05	0.002738096797707	0.00219464448465545	RHEB/RPS6KB2/PRKACA/PIK3R2/AKT1S1/FOXO3/RPTOR/ESR1	8
group_G5_5_0	R-HSA-2219528	PI3K/AKT Signaling in Cancer	5/42	104/10870	4.67352488052608e-05	0.00445739945580986	0.00357270317827753	RPS6KB2/PIK3R2/AKT1S1/FOXO3/ESR1	5
group_G5_5_0	R-HSA-9639288	Amino acids regulate mTORC1	4/42	55/10870	5.69266201460879e-05	0.00445739945580986	0.00357270317827753	RHEB/SESN2/WDR59/RPTOR	4
group_G5_5_0	R-HSA-1257604	PIP3 activates AKT signaling	7/42	267/10870	6.44443294815884e-05	0.00445739945580986	0.00357270317827753	RHEB/RPS6KB2/PIK3R2/AKT1S1/FOXO3/RPTOR/ESR1	7
group_G5_5_0	R-HSA-166208	mTORC1-mediated signalling	3/42	24/10870	0.000102607714654693	0.00603236445772325	0.0048350720827915	RHEB/AKT1S1/RPTOR	3
group_G5_5_0	R-HSA-5674400	Constitutive Signaling by AKT1 E17K in Cancer	3/42	25/10870	0.00011628654376334	0.00603236445772325	0.0048350720827915	RPS6KB2/AKT1S1/FOXO3	3
group_G5_5_0	R-HSA-5663202	Diseases of signal transduction by growth factor receptors and second messengers	8/42	433/10870	0.000212682499506405	0.00980702636612869	0.00786054618058761	RPS6KB2/PIK3R2/JUNB/AKT1S1/HDAC6/NOX4/FOXO3/ESR1	8
group_G5_5_1	R-HSA-77387	Insulin receptor recycling	5/9	26/10870	6.51774109304944e-12	1.56425786233186e-10	4.80254606856274e-11	ATP6V1H/ATP6V0A2/ATP6V1D/ATP6V1B1/ATP6V0E1	5
group_G5_5_1	R-HSA-917977	Transferrin endocytosis and recycling	5/9	31/10870	1.68095990696341e-11	2.01715188835609e-10	6.19301018354939e-11	ATP6V1H/ATP6V0A2/ATP6V1D/ATP6V1B1/ATP6V0E1	5
group_G5_5_1	R-HSA-1222556	ROS and RNS production in phagocytes	5/9	36/10870	3.72392034352044e-11	2.97913627481635e-10	9.14647101917302e-11	ATP6V1H/ATP6V0A2/ATP6V1D/ATP6V1B1/ATP6V0E1	5
group_G5_5_1	R-HSA-917937	Iron uptake and transport	5/9	58/10870	4.4956661427892e-10	2.69739968567352e-09	8.28149026303273e-10	ATP6V1H/ATP6V0A2/ATP6V1D/ATP6V1B1/ATP6V0E1	5
group_G5_5_1	R-HSA-983712	Ion channel transport	6/9	186/10870	1.86454765516301e-09	8.23420534598577e-09	2.52804550096054e-09	TPCN2/ATP6V1H/ATP6V0A2/ATP6V1D/ATP6V1B1/ATP6V0E1	6
group_G5_5_1	R-HSA-74752	Signaling by Insulin receptor	5/9	78/10870	2.05855133649644e-09	8.23420534598577e-09	2.52804550096054e-09	ATP6V1H/ATP6V0A2/ATP6V1D/ATP6V1B1/ATP6V0E1	5
group_G5_5_1	R-HSA-9639288	Amino acids regulate mTORC1	4/9	55/10870	7.25371082393234e-08	2.48698656820537e-07	7.63548507782351e-08	ATP6V1H/ATP6V1D/ATP6V1B1/ATP6V0E1	4
group_G5_5_1	R-HSA-9711097	Cellular response to starvation	4/9	156/10870	4.86342680804572e-06	1.45902804241372e-05	4.47947206004211e-06	ATP6V1H/ATP6V1D/ATP6V1B1/ATP6V0E1	4
group_G5_5_3	R-HSA-380972	Energy dependent regulation of mTOR by LKB1-AMPK	4/6	29/10870	6.10528257812509e-10	1.77053194765628e-08	5.7839519161185e-09	LAMTOR5/SLC38A9/PRKAG3/RRAGD	4
group_G5_5_3	R-HSA-165159	MTOR signalling	4/6	41/10870	2.59857693310511e-09	3.76793655300241e-08	1.23090486304979e-08	LAMTOR5/SLC38A9/PRKAG3/RRAGD	4
group_G5_5_3	R-HSA-9639288	Amino acids regulate mTORC1	4/6	55/10870	8.73335431389121e-09	8.44224250342817e-08	2.75790136228144e-08	LAMTOR5/SLC38A9/DEPDC5/RRAGD	4
group_G5_5_3	R-HSA-5628897	TP53 Regulates Metabolic Genes	4/6	87/10870	5.67290046511616e-08	4.11285283720922e-07	1.34358168910646e-07	LAMTOR5/SLC38A9/PRKAG3/RRAGD	4
group_G5_5_3	R-HSA-166208	mTORC1-mediated signalling	3/6	24/10870	1.88335999841948e-07	1.0923487990833e-06	3.56847157595269e-07	LAMTOR5/SLC38A9/RRAGD	3
group_G5_5_3	R-HSA-1632852	Macroautophagy	4/6	136/10870	3.44953688030298e-07	1.66727615881311e-06	5.44663717942576e-07	LAMTOR5/SLC38A9/PRKAG3/RRAGD	4
group_G5_5_3	R-HSA-9612973	Autophagy	4/6	151/10870	5.25386684134219e-07	2.17078176785243e-06	7.0914830891731e-07	LAMTOR5/SLC38A9/PRKAG3/RRAGD	4
group_G5_5_3	R-HSA-9711097	Cellular response to starvation	4/6	156/10870	5.98836349752395e-07	2.17078176785243e-06	7.0914830891731e-07	LAMTOR5/SLC38A9/DEPDC5/RRAGD	4
group_G5_5_3	R-HSA-8943724	Regulation of PTEN gene transcription	3/6	61/10870	3.32329972745959e-06	1.07084102329254e-05	3.49821023943115e-06	LAMTOR5/SLC38A9/RRAGD	3
group_G5_5_3	R-HSA-3700989	Transcriptional Regulation by TP53	4/6	365/10870	1.77843047310232e-05	5.15744837199674e-05	1.68482886925483e-05	LAMTOR5/SLC38A9/PRKAG3/RRAGD	4
group_G5_5_3	R-HSA-6807070	PTEN Regulation	3/6	140/10870	4.06548618255549e-05	0.000107180999358281	3.50137565961717e-05	LAMTOR5/SLC38A9/RRAGD	3
group_G5_5_3	R-HSA-1257604	PIP3 activates AKT signaling	3/6	267/10870	0.000277440807210459	0.00067048195075861	0.000219032216218784	LAMTOR5/SLC38A9/RRAGD	3
group_G5_5_3	R-HSA-9006925	Intracellular signaling by second messengers	3/6	309/10870	0.000426910626641428	0.000952339090200109	0.000311108958686061	LAMTOR5/SLC38A9/RRAGD	3
group_G5_5_5	R-HSA-3299685	Detoxification of Reactive Oxygen Species	2/3	37/10870	3.37499337436779e-05	0.000978748078566658	0.000248683722321837	CYBB/PRDX5	2
group_G5_5_5	R-HSA-1236975	Antigen processing-Cross presentation	2/3	105/10870	0.000275532020450176	0.00399521429652755	0.00101511797007959	CTSL/CYBB	2
group_G5_5_5	R-HSA-9711123	Cellular response to chemical stress	2/3	160/10870	0.000639719352427328	0.00618395374013084	0.00157124051473379	CYBB/PRDX5	2
group_G5_6_0	R-HSA-8854214	TBC/RABGAPs	7/46	46/10870	7.13589059035434e-10	3.26823789038229e-07	2.3961569456032e-07	OPTN/ULK1/RAB7A/RAB5A/GABARAPL2/RAB8A/RAB8B	7
group_G5_6_0	R-HSA-1632852	Macroautophagy	9/46	136/10870	4.28486633243632e-09	9.81234390127917e-07	7.19406505287992e-07	LAMTOR1/ULK1/PRKAB1/PIK3R4/PIK3C3/GABARAPL2/RRAGB/ATG14/WDR45B	9
group_G5_6_0	R-HSA-9612973	Autophagy	9/46	151/10870	1.07802868828893e-08	1.6457904641211e-06	1.2066356195234e-06	LAMTOR1/ULK1/PRKAB1/PIK3R4/PIK3C3/GABARAPL2/RRAGB/ATG14/WDR45B	9
group_G5_6_0	R-HSA-165159	MTOR signalling	5/46	41/10870	7.25893371009218e-07	7.18801200158362e-05	5.26999730752741e-05	LAMTOR1/RPS6KB1/PRKAB1/AKT1S1/RRAGB	5
group_G5_6_0	R-HSA-9007101	Rab regulation of trafficking	7/46	124/10870	7.84717467421793e-07	7.18801200158362e-05	5.26999730752741e-05	OPTN/ULK1/RAB7A/RAB5A/GABARAPL2/RAB8A/RAB8B	7
group_G5_6_0	R-HSA-166208	mTORC1-mediated signalling	4/46	24/10870	2.8034723138602e-06	0.00021096622483016	0.000154673007862149	LAMTOR1/RPS6KB1/AKT1S1/RRAGB	4
group_G5_6_0	R-HSA-9639288	Amino acids regulate mTORC1	5/46	55/10870	3.22437461530813e-06	0.00021096622483016	0.000154673007862149	LAMTOR1/SEC13/SESN1/FLCN/RRAGB	5
group_G5_6_0	R-HSA-9006925	Intracellular signaling by second messengers	9/46	309/10870	4.70831356957377e-06	0.000269550951858099	0.000197625266933426	LAMTOR1/CAMKK2/EGF/EGR1/AKT1S1/HDAC5/NEDD4/FOXO4/RRAGB	9
group_G5_6_0	R-HSA-8873719	RAB geranylgeranylation	5/46	65/10870	7.41867881156975e-06	0.000377528321744327	0.000276790472618801	RAB4B/RAB7A/RAB5A/RAB8A/RAB8B	5
group_G5_6_0	R-HSA-1257604	PIP3 activates AKT signaling	8/46	267/10870	1.38581436392041e-05	0.000634702978675548	0.000465341875884854	LAMTOR1/EGF/EGR1/AKT1S1/HDAC5/NEDD4/FOXO4/RRAGB	8
group_G5_6_0	R-HSA-9013407	RHOH GTPase cycle	4/46	38/10870	1.8649535656658e-05	0.000776498848249942	0.000569301614782192	LAMTOR1/VAMP3/RAB7A/NIPSNAP2	4
group_G5_6_0	R-HSA-8876198	RAB GEFs exchange GTP for GDP on RABs	5/46	90/10870	3.648739215846e-05	0.00139260213404789	0.00102100685074989	ULK1/RAB7A/RAB5A/RAB8A/RAB8B	5
group_G5_6_0	R-HSA-9711097	Cellular response to starvation	6/46	156/10870	4.62603128699468e-05	0.00162978640726428	0.00119490200854356	LAMTOR1/SEC13/SESN1/FLCN/ATF4/RRAGB	6
group_G5_6_0	R-HSA-1227986	Signaling by ERBB2	4/46	50/10870	5.60676484538768e-05	0.00183421307084826	0.0013447804403599	CUL5/EGF/USP8/KRAS	4
group_G5_6_0	R-HSA-8848021	Signaling by PTK6	4/46	54/10870	7.60474189654621e-05	0.00217685736788635	0.00159599517434095	HIF1A/EGF/KRAS/STAT3	4
group_G5_6_0	R-HSA-9006927	Signaling by Non-Receptor Tyrosine Kinases	4/46	54/10870	7.60474189654621e-05	0.00217685736788635	0.00159599517434095	HIF1A/EGF/KRAS/STAT3	4
group_G5_6_0	R-HSA-9013409	RHOJ GTPase cycle	4/46	55/10870	8.17590302870429e-05	0.00220268446302739	0.00161493069111868	LAMTOR1/VAMP3/RAB7A/NIPSNAP2	4
group_G5_6_0	R-HSA-8943724	Regulation of PTEN gene transcription	4/46	61/10870	0.000122804780248106	0.00312469940853513	0.00229091958474536	LAMTOR1/EGR1/HDAC5/RRAGB	4
group_G5_6_0	R-HSA-380972	Energy dependent regulation of mTOR by LKB1-AMPK	3/46	29/10870	0.000239947286875946	0.00549479286945916	0.0040285886586014	LAMTOR1/PRKAB1/RRAGB	3
group_G5_6_0	R-HSA-8863795	Downregulation of ERBB2 signaling	3/46	29/10870	0.000239947286875946	0.00549479286945916	0.0040285886586014	CUL5/EGF/USP8	3
group_G5_6_0	R-HSA-9674555	Signaling by CSF3 (G-CSF)	3/46	30/10870	0.000265819502477201	0.00579739676831228	0.00425044718246752	CUL5/KRAS/STAT3	3
group_G5_6_0	R-HSA-6807070	PTEN Regulation	5/46	140/10870	0.000295813600367807	0.00615830131674798	0.00451504968982443	LAMTOR1/EGR1/HDAC5/NEDD4/RRAGB	5
group_G5_6_0	R-HSA-6806834	Signaling by MET	4/46	79/10870	0.000334472234617654	0.00666036015021242	0.00488314154888017	USP8/RAB4B/KRAS/STAT3	4
group_G5_6_0	R-HSA-5628897	TP53 Regulates Metabolic Genes	4/46	87/10870	0.000483435529157294	0.00922556134808502	0.00676385674566565	LAMTOR1/SESN1/PRKAB1/RRAGB	4
group_G5_6_1	R-HSA-77387	Insulin receptor recycling	7/11	26/10870	6.07588915160465e-17	1.03290115577279e-15	4.47697095381395e-16	ATP6V0E2/ATP6V0A2/ATP6V1E1/ATP6V1G2/ATP6V0E1/ATP6V0A4/ATP6V1A	7
group_G5_6_1	R-HSA-917977	Transferrin endocytosis and recycling	7/11	31/10870	2.42493809645064e-16	2.06119738198304e-15	8.93398246060761e-16	ATP6V0E2/ATP6V0A2/ATP6V1E1/ATP6V1G2/ATP6V0E1/ATP6V0A4/ATP6V1A	7
group_G5_6_1	R-HSA-1222556	ROS and RNS production in phagocytes	7/11	36/10870	7.68563470678522e-16	4.35519300051162e-15	1.88769975254374e-15	ATP6V0E2/ATP6V0A2/ATP6V1E1/ATP6V1G2/ATP6V0E1/ATP6V0A4/ATP6V1A	7
group_G5_6_1	R-HSA-983712	Ion channel transport	9/11	186/10870	5.53542446740425e-15	2.35255539864681e-14	1.01968345452184e-14	ATP6V0E2/ATP6V0A2/CLCN3/CLCN6/ATP6V1E1/ATP6V1G2/ATP6V0E1/ATP6V0A4/ATP6V1A	9
group_G5_6_1	R-HSA-917937	Iron uptake and transport	7/11	58/10870	2.74866424678423e-14	9.3454584390664e-14	4.05066310052414e-14	ATP6V0E2/ATP6V0A2/ATP6V1E1/ATP6V1G2/ATP6V0E1/ATP6V0A4/ATP6V1A	7
group_G5_6_1	R-HSA-74752	Signaling by Insulin receptor	7/11	78/10870	2.39955311403375e-13	6.79873382309563e-13	2.94681961372566e-13	ATP6V0E2/ATP6V0A2/ATP6V1E1/ATP6V1G2/ATP6V0E1/ATP6V0A4/ATP6V1A	7
group_G5_6_1	R-HSA-9639288	Amino acids regulate mTORC1	6/11	55/10870	5.7415457298027e-12	1.39437539152351e-11	6.04373234716074e-12	ATP6V0E2/KPTN/ATP6V1E1/ATP6V1G2/ATP6V0E1/ATP6V1A	6
group_G5_6_1	R-HSA-9711097	Cellular response to starvation	6/11	156/10870	3.45549347113299e-09	7.3429236261576e-09	3.18269135499091e-09	ATP6V0E2/KPTN/ATP6V1E1/ATP6V1G2/ATP6V0E1/ATP6V1A	6
group_G5_6_1	R-HSA-2672351	Stimuli-sensing channels	2/11	109/10870	0.00516574435066131	0.0097575171068047	0.00422926438065838	CLCN3/CLCN6	2
group_G5_6_2	R-HSA-2206281	Mucopolysaccharidoses	3/6	11/10870	1.53948988971315e-08	2.77108180148368e-07	1.62051567338227e-08	IDS/NAGLU/GALNS	3
group_G5_6_2	R-HSA-5663084	Diseases of carbohydrate metabolism	3/6	34/10870	5.55665905794526e-07	5.00099315215073e-06	2.92455739891856e-07	IDS/NAGLU/GALNS	3
group_G5_6_2	R-HSA-1630316	Glycosaminoglycan metabolism	3/6	124/10870	2.82635814014426e-05	0.000169581488408656	9.91704610576933e-06	IDS/NAGLU/GALNS	3
group_G5_6_2	R-HSA-2024096	HS-GAG degradation	2/6	22/10870	5.8368941694139e-05	0.000262660237623626	1.53602478142471e-05	IDS/NAGLU	2
group_G5_6_2	R-HSA-5668914	Diseases of metabolism	3/6	245/10870	0.00021513072248241	0.000774470600936677	4.52906784173495e-05	IDS/NAGLU/GALNS	3
group_G5_6_2	R-HSA-1660662	Glycosphingolipid metabolism	2/6	46/10870	0.00025998560014898	0.000779956800446941	4.56115087980667e-05	ARSG/GLA	2
group_G5_6_2	R-HSA-1638091	Heparan sulfate/heparin (HS-GAG) metabolism	2/6	55/10870	0.000372198361497356	0.000837897097589888	4.89998302684145e-05	IDS/NAGLU	2
group_G5_6_2	R-HSA-71387	Metabolism of carbohydrates	3/6	295/10870	0.00037239871003995	0.000837897097589888	4.89998302684145e-05	IDS/NAGLU/GALNS	3
group_G5_6_2	R-HSA-428157	Sphingolipid metabolism	2/6	90/10870	0.000995200056424482	0.00199040011284896	0.000116397667418068	ARSG/GLA	2
group_G5_6_4	R-HSA-9671555	Signaling by PDGFR in disease	1/1	20/10870	0.00183992640294395	0.00883164673413095	NA	WDR48	1
group_G5_6_4	R-HSA-110314	Recognition of DNA damage by PCNA-containing replication complex	1/1	30/10870	0.00275988960441587	0.00883164673413095	NA	WDR48	1
group_G5_6_4	R-HSA-6783310	Fanconi Anemia Pathway	1/1	40/10870	0.0036798528058879	0.00883164673413095	NA	WDR48	1
group_G5_6_4	R-HSA-73893	DNA Damage Bypass	1/1	48/10870	0.00441582336706547	0.00883164673413095	NA	WDR48	1
group_G9_0	R-HSA-110373	Resolution of AP sites via the multiple-nucleotide patch replacement pathway	2/2	26/10870	5.50166603143584e-06	0.000115534986660153	NA	PARG/PARP1	2
group_G9_0	R-HSA-73933	Resolution of Abasic Sites (AP sites)	2/2	39/10870	1.25437985516737e-05	0.000131709884792574	NA	PARG/PARP1	2
group_G9_0	R-HSA-73884	Base Excision Repair	2/2	92/10870	7.08614584848937e-05	0.000496030209394256	NA	PARG/PARP1	2
group_G9_0	R-HSA-73894	DNA Repair	2/2	335/10870	0.000947048326549779	0.00497200371438634	NA	PARG/PARP1	2
group_G9_0	R-HSA-5685939	HDR through MMEJ (alt-NHEJ)	1/2	10/10870	0.00183916463380118	0.00772449146196497	NA	PARP1	1
group_G9_All	R-HSA-110373	Resolution of AP sites via the multiple-nucleotide patch replacement pathway	2/3	26/10870	1.64806992380774e-05	0.00044497887942809	5.20443133834023e-05	PARP1/PARG	2
group_G9_All	R-HSA-73933	Resolution of Abasic Sites (AP sites)	2/3	39/10870	3.75459851753722e-05	0.000506870799867525	5.92831344874298e-05	PARP1/PARG	2
group_G9_All	R-HSA-73884	Base Excision Repair	2/3	92/10870	0.000211410740698767	0.0019026966662889	0.000222537621788175	PARP1/PARG	2
